"ORD_ID","ORD_CUST_ID","ORD_ORDERDATE","ORD_REQUIREDDATE","ORD_SHIPPEDDATE","ORD_FREIGHT"
10594,55,09.07.97,06.08.97,16.07.97,5.24
10595,20,10.07.97,07.08.97,14.07.97,96.78
10596,89,11.07.97,08.08.97,12.08.97,16.34
10597,59,11.07.97,08.08.97,18.07.97,35.12
10598,65,14.07.97,11.08.97,18.07.97,44.42
10599,11,15.07.97,26.08.97,21.07.97,29.98
10600,36,16.07.97,13.08.97,21.07.97,45.13
10601,35,16.07.97,27.08.97,22.07.97,58.3
10602,83,17.07.97,14.08.97,22.07.97,2.92
10603,71,18.07.97,15.08.97,08.08.97,48.77
10604,28,18.07.97,15.08.97,29.07.97,7.46
10605,51,21.07.97,18.08.97,29.07.97,379.13
10606,81,22.07.97,19.08.97,31.07.97,79.4
10607,71,22.07.97,19.08.97,25.07.97,200.24
10608,79,23.07.97,20.08.97,01.08.97,27.79
10609,18,24.07.97,21.08.97,30.07.97,1.85
10610,41,25.07.97,22.08.97,06.08.97,26.78
10611,91,25.07.97,22.08.97,01.08.97,80.65
10612,71,28.07.97,25.08.97,01.08.97,544.08
10613,35,29.07.97,26.08.97,01.08.97,8.11
10614,6,29.07.97,26.08.97,01.08.97,1.93
10615,90,30.07.97,27.08.97,06.08.97,0.75
10616,32,31.07.97,28.08.97,05.08.97,116.53
10617,32,31.07.97,28.08.97,04.08.97,18.53
10618,51,01.08.97,12.09.97,08.08.97,154.68
10619,51,04.08.97,01.09.97,07.08.97,91.05
10620,42,05.08.97,02.09.97,14.08.97,0.94
10621,38,05.08.97,02.09.97,11.08.97,23.73
10622,67,06.08.97,03.09.97,11.08.97,50.97
10623,25,07.08.97,04.09.97,12.08.97,97.18
10624,78,07.08.97,04.09.97,19.08.97,94.8
10625,2,08.08.97,05.09.97,14.08.97,43.9
10626,5,11.08.97,08.09.97,20.08.97,138.69
10627,71,11.08.97,22.09.97,21.08.97,107.46
10628,7,12.08.97,09.09.97,20.08.97,30.36
10629,30,12.08.97,09.09.97,20.08.97,85.46
10630,39,13.08.97,10.09.97,19.08.97,32.35
10631,41,14.08.97,11.09.97,15.08.97,0.87
10632,86,14.08.97,11.09.97,19.08.97,41.38
10633,20,15.08.97,12.09.97,18.08.97,477.9
10634,23,15.08.97,12.09.97,21.08.97,487.38
10635,49,18.08.97,15.09.97,21.08.97,47.46
10636,87,19.08.97,16.09.97,26.08.97,1.15
10637,62,19.08.97,16.09.97,26.08.97,201.29
10638,47,20.08.97,17.09.97,01.09.97,158.44
10639,70,20.08.97,17.09.97,27.08.97,38.64
10640,86,21.08.97,18.09.97,28.08.97,23.55
10641,35,22.08.97,19.09.97,26.08.97,179.61
10642,73,22.08.97,19.09.97,05.09.97,41.89
10643,1,25.08.97,22.09.97,02.09.97,29.46
10644,88,25.08.97,22.09.97,01.09.97,0.14
10645,34,26.08.97,23.09.97,02.09.97,12.41
10646,37,27.08.97,08.10.97,03.09.97,142.33
10647,61,27.08.97,10.09.97,03.09.97,45.54
10648,67,28.08.97,09.10.97,09.09.97,14.25
10649,50,28.08.97,25.09.97,29.08.97,6.2
10650,21,29.08.97,26.09.97,03.09.97,176.81
10651,86,01.09.97,29.09.97,11.09.97,20.6
10652,31,01.09.97,29.09.97,08.09.97,7.14
10653,25,02.09.97,30.09.97,19.09.97,93.25
10654,5,02.09.97,30.09.97,11.09.97,55.26
10655,66,03.09.97,01.10.97,11.09.97,4.41
10656,32,04.09.97,02.10.97,10.09.97,57.15
10657,71,04.09.97,02.10.97,15.09.97,352.69
10658,63,05.09.97,03.10.97,08.09.97,364.15
10659,62,05.09.97,03.10.97,10.09.97,105.81
10660,36,08.09.97,06.10.97,15.10.97,111.29
10661,37,09.09.97,07.10.97,15.09.97,17.55
10662,48,09.09.97,07.10.97,18.09.97,1.28
10663,9,10.09.97,24.09.97,03.10.97,113.15
10664,28,10.09.97,08.10.97,19.09.97,1.27
10665,48,11.09.97,09.10.97,17.09.97,26.31
10666,68,12.09.97,10.10.97,22.09.97,232.42
10667,20,12.09.97,10.10.97,19.09.97,78.09
10668,86,15.09.97,13.10.97,23.09.97,47.22
10669,73,15.09.97,13.10.97,22.09.97,24.39
10670,25,16.09.97,14.10.97,18.09.97,203.48
10671,26,17.09.97,15.10.97,24.09.97,30.34
10672,5,17.09.97,01.10.97,26.09.97,95.75
10673,90,18.09.97,16.10.97,19.09.97,22.76
10674,38,18.09.97,16.10.97,30.09.97,0.9
10675,25,19.09.97,17.10.97,23.09.97,31.85
10676,80,22.09.97,20.10.97,29.09.97,2.01
10677,3,22.09.97,20.10.97,26.09.97,4.03
10678,71,23.09.97,21.10.97,16.10.97,388.98
10679,7,23.09.97,21.10.97,30.09.97,27.94
10680,55,24.09.97,22.10.97,26.09.97,26.61
10681,32,25.09.97,23.10.97,30.09.97,76.13
10682,3,25.09.97,23.10.97,01.10.97,36.13
10683,18,26.09.97,24.10.97,01.10.97,4.4
10684,56,26.09.97,24.10.97,30.09.97,145.63
10685,31,29.09.97,13.10.97,03.10.97,33.75
10686,59,30.09.97,28.10.97,08.10.97,96.5
10687,37,30.09.97,28.10.97,30.10.97,296.43
10688,83,01.10.97,15.10.97,07.10.97,299.09
10689,5,01.10.97,29.10.97,07.10.97,13.42
10690,34,02.10.97,30.10.97,03.10.97,15.8
10691,63,03.10.97,14.11.97,22.10.97,810.05
10692,1,03.10.97,31.10.97,13.10.97,61.02
10693,89,06.10.97,20.10.97,10.10.97,139.34
10694,63,06.10.97,03.11.97,09.10.97,398.36
10695,90,07.10.97,18.11.97,14.10.97,16.72
10696,89,08.10.97,19.11.97,14.10.97,102.55
10697,47,08.10.97,05.11.97,14.10.97,45.52
10698,20,09.10.97,06.11.97,17.10.97,272.47
10699,52,09.10.97,06.11.97,13.10.97,0.58
10700,71,10.10.97,07.11.97,16.10.97,65.1
10701,37,13.10.97,27.10.97,15.10.97,220.31
10702,1,13.10.97,24.11.97,21.10.97,23.94
10703,24,14.10.97,11.11.97,20.10.97,152.3
10704,62,14.10.97,11.11.97,07.11.97,4.78
10705,35,15.10.97,12.11.97,18.11.97,3.52
10706,55,16.10.97,13.11.97,21.10.97,135.63
10707,4,16.10.97,30.10.97,23.10.97,21.74
10708,77,17.10.97,28.11.97,05.11.97,2.96
10709,31,17.10.97,14.11.97,20.11.97,210.8
10710,27,20.10.97,17.11.97,23.10.97,4.98
10711,71,21.10.97,02.12.97,29.10.97,52.41
10712,37,21.10.97,18.11.97,31.10.97,89.93
10713,71,22.10.97,19.11.97,24.10.97,167.05
10714,71,22.10.97,19.11.97,27.10.97,24.49
10715,9,23.10.97,06.11.97,29.10.97,63.2
10716,64,24.10.97,21.11.97,27.10.97,22.57
10717,25,24.10.97,21.11.97,29.10.97,59.25
10718,39,27.10.97,24.11.97,29.10.97,170.88
10719,45,27.10.97,24.11.97,05.11.97,51.44
10720,61,28.10.97,11.11.97,05.11.97,9.53
10721,63,29.10.97,26.11.97,31.10.97,48.92
10722,71,29.10.97,10.12.97,04.11.97,74.58
10723,89,30.10.97,27.11.97,25.11.97,21.72
10724,51,30.10.97,11.12.97,05.11.97,57.75
10725,21,31.10.97,28.11.97,05.11.97,10.83
10726,19,03.11.97,17.11.97,05.12.97,16.56
10727,66,03.11.97,01.12.97,05.12.97,89.9
10728,62,04.11.97,02.12.97,11.11.97,58.33
10729,47,04.11.97,16.12.97,14.11.97,141.06
10730,9,05.11.97,03.12.97,14.11.97,20.12
10731,14,06.11.97,04.12.97,14.11.97,96.65
10732,9,06.11.97,04.12.97,07.11.97,16.97
10733,5,07.11.97,05.12.97,10.11.97,110.11
10734,31,07.11.97,05.12.97,12.11.97,1.63
10735,45,10.11.97,08.12.97,21.11.97,45.97
10736,37,11.11.97,09.12.97,21.11.97,44.1
10737,85,11.11.97,09.12.97,18.11.97,7.79
10738,74,12.11.97,10.12.97,18.11.97,2.91
10739,85,12.11.97,10.12.97,17.11.97,11.08
10740,89,13.11.97,11.12.97,25.11.97,81.88
10741,4,14.11.97,28.11.97,18.11.97,10.96
10742,10,14.11.97,12.12.97,18.11.97,243.73
10743,4,17.11.97,15.12.97,21.11.97,23.72
10744,83,17.11.97,15.12.97,24.11.97,69.19
10745,63,18.11.97,16.12.97,27.11.97,3.52
10746,14,19.11.97,17.12.97,21.11.97,31.43
10747,59,19.11.97,17.12.97,26.11.97,117.33
10748,71,20.11.97,18.12.97,28.11.97,232.55
10749,38,20.11.97,18.12.97,19.12.97,61.53
10750,87,21.11.97,19.12.97,24.11.97,79.3
10751,68,24.11.97,22.12.97,03.12.97,130.79
10752,53,24.11.97,22.12.97,28.11.97,1.39
10753,27,25.11.97,23.12.97,27.11.97,7.7
10754,49,25.11.97,23.12.97,27.11.97,2.38
10755,9,26.11.97,24.12.97,28.11.97,16.71
10756,75,27.11.97,25.12.97,02.12.97,73.21
10757,71,27.11.97,25.12.97,15.12.97,8.19
10758,68,28.11.97,26.12.97,04.12.97,138.17
10759,2,28.11.97,26.12.97,12.12.97,11.99
10760,50,01.12.97,29.12.97,10.12.97,155.64
10761,65,02.12.97,30.12.97,08.12.97,18.66
10762,24,02.12.97,30.12.97,09.12.97,328.74
10763,23,03.12.97,31.12.97,08.12.97,37.35
10764,20,03.12.97,31.12.97,08.12.97,145.45
10765,63,04.12.97,01.01.98,09.12.97,42.74
10766,56,05.12.97,02.01.98,09.12.97,157.55
10767,76,05.12.97,02.01.98,15.12.97,1.59
10768,4,08.12.97,05.01.98,15.12.97,146.32
10769,83,08.12.97,05.01.98,12.12.97,65.06
10770,34,09.12.97,06.01.98,17.12.97,5.32
10771,20,10.12.97,07.01.98,02.01.98,11.19
10772,44,10.12.97,07.01.98,19.12.97,91.28
10773,20,11.12.97,08.01.98,16.12.97,96.43
10774,24,11.12.97,25.12.97,12.12.97,48.2
10775,78,12.12.97,09.01.98,26.12.97,20.25
10776,20,15.12.97,12.01.98,18.12.97,351.53
10777,31,15.12.97,29.12.97,21.01.98,3.01
10778,5,16.12.97,13.01.98,24.12.97,6.79
10779,52,16.12.97,13.01.98,14.01.98,58.13
10780,46,16.12.97,30.12.97,25.12.97,42.13
10781,87,17.12.97,14.01.98,19.12.97,73.16
10782,12,17.12.97,14.01.98,22.12.97,1.1
10783,34,18.12.97,15.01.98,19.12.97,124.98
10784,49,18.12.97,15.01.98,22.12.97,70.09
10785,33,18.12.97,15.01.98,24.12.97,1.51
10786,62,19.12.97,16.01.98,23.12.97,110.87
10787,41,19.12.97,02.01.98,26.12.97,249.93
10788,63,22.12.97,19.01.98,19.01.98,42.7
10789,23,22.12.97,19.01.98,31.12.97,100.6
10790,31,22.12.97,19.01.98,26.12.97,28.23
10791,25,23.12.97,20.01.98,01.01.98,16.85
10792,91,23.12.97,20.01.98,31.12.97,23.79
10793,4,24.12.97,21.01.98,08.01.98,4.52
10794,61,24.12.97,21.01.98,02.01.98,21.49
10795,20,24.12.97,21.01.98,20.01.98,126.66
10796,35,25.12.97,22.01.98,14.01.98,26.52
10797,17,25.12.97,22.01.98,05.01.98,33.35
10798,38,26.12.97,23.01.98,05.01.98,2.33
10799,39,26.12.97,06.02.98,05.01.98,30.76
10800,72,26.12.97,23.01.98,05.01.98,137.44
10801,8,29.12.97,26.01.98,31.12.97,97.09
10802,73,29.12.97,26.01.98,02.01.98,257.26
10803,88,30.12.97,27.01.98,06.01.98,55.23
10804,72,30.12.97,27.01.98,07.01.98,27.33
10805,77,30.12.97,27.01.98,09.01.98,237.34
10806,84,31.12.97,28.01.98,05.01.98,22.11
10807,27,31.12.97,28.01.98,30.01.98,1.36
10808,55,01.01.98,29.01.98,09.01.98,45.53
10809,88,01.01.98,29.01.98,07.01.98,4.87
10810,42,01.01.98,29.01.98,07.01.98,4.33
10811,47,02.01.98,30.01.98,08.01.98,31.22
10812,66,02.01.98,30.01.98,12.01.98,59.78
10813,67,05.01.98,02.02.98,09.01.98,47.38
10814,84,05.01.98,02.02.98,14.01.98,130.94
10815,71,05.01.98,02.02.98,14.01.98,14.62
10816,32,06.01.98,03.02.98,04.02.98,719.78
10817,39,06.01.98,20.01.98,13.01.98,306.07
10818,49,07.01.98,04.02.98,12.01.98,65.48
10819,12,07.01.98,04.02.98,16.01.98,19.76
10820,65,07.01.98,04.02.98,13.01.98,37.52
10821,75,08.01.98,05.02.98,15.01.98,36.68
10822,82,08.01.98,05.02.98,16.01.98,7
10823,46,09.01.98,06.02.98,13.01.98,163.97
10824,24,09.01.98,06.02.98,30.01.98,1.23
10825,17,09.01.98,06.02.98,14.01.98,79.25
10826,7,12.01.98,09.02.98,06.02.98,7.09
10827,9,12.01.98,26.01.98,06.02.98,63.54
10828,64,13.01.98,27.01.98,04.02.98,90.85
10829,38,13.01.98,10.02.98,23.01.98,154.72
10830,81,13.01.98,24.02.98,21.01.98,81.83
10831,70,14.01.98,11.02.98,23.01.98,72.19
10832,41,14.01.98,11.02.98,19.01.98,43.26
10833,56,15.01.98,12.02.98,23.01.98,71.49
10834,81,15.01.98,12.02.98,19.01.98,29.78
10835,1,15.01.98,12.02.98,21.01.98,69.53
10836,20,16.01.98,13.02.98,21.01.98,411.88
10837,5,16.01.98,13.02.98,23.01.98,13.32
10838,47,19.01.98,16.02.98,23.01.98,59.28
10839,81,19.01.98,16.02.98,22.01.98,35.43
10840,47,19.01.98,02.03.98,16.02.98,2.71
10841,76,20.01.98,17.02.98,29.01.98,424.3
10842,80,20.01.98,17.02.98,29.01.98,54.42
10843,84,21.01.98,18.02.98,26.01.98,9.26
10844,59,21.01.98,18.02.98,26.01.98,25.22
10845,63,21.01.98,04.02.98,30.01.98,212.98
10846,76,22.01.98,05.03.98,23.01.98,56.46
10847,71,22.01.98,05.02.98,10.02.98,487.57
10848,16,23.01.98,20.02.98,29.01.98,38.24
10849,39,23.01.98,20.02.98,30.01.98,0.56
10850,84,23.01.98,06.03.98,30.01.98,49.19
10851,67,26.01.98,23.02.98,02.02.98,160.55
10852,65,26.01.98,09.02.98,30.01.98,174.05
10853,6,27.01.98,24.02.98,03.02.98,53.83
10854,20,27.01.98,24.02.98,05.02.98,100.22
10855,55,27.01.98,24.02.98,04.02.98,170.97
10856,3,28.01.98,25.02.98,10.02.98,58.43
10857,5,28.01.98,25.02.98,06.02.98,188.85
10858,40,29.01.98,26.02.98,03.02.98,52.51
10859,25,29.01.98,26.02.98,02.02.98,76.1
10860,26,29.01.98,26.02.98,04.02.98,19.26
10861,89,30.01.98,27.02.98,17.02.98,14.93
10862,44,30.01.98,13.03.98,02.02.98,53.23
10863,35,02.02.98,02.03.98,17.02.98,30.26
10864,4,02.02.98,02.03.98,09.02.98,3.04
10865,63,02.02.98,16.02.98,12.02.98,348.14
10866,5,03.02.98,03.03.98,12.02.98,109.11
10867,48,03.02.98,17.03.98,11.02.98,1.93
10868,62,04.02.98,04.03.98,23.02.98,191.27
10869,72,04.02.98,04.03.98,09.02.98,143.28
10870,91,04.02.98,04.03.98,13.02.98,12.04
10871,9,05.02.98,05.03.98,10.02.98,112.27
10872,30,05.02.98,05.03.98,09.02.98,175.32
10873,90,06.02.98,06.03.98,09.02.98,0.82
10874,30,06.02.98,06.03.98,11.02.98,19.58
10875,5,06.02.98,06.03.98,03.03.98,32.37
10876,9,09.02.98,09.03.98,12.02.98,60.42
10877,67,09.02.98,09.03.98,19.02.98,38.06
10878,63,10.02.98,10.03.98,12.02.98,46.69
10879,90,10.02.98,10.03.98,12.02.98,8.5
10880,24,10.02.98,24.03.98,18.02.98,88.01
10881,12,11.02.98,11.03.98,18.02.98,2.84
10882,71,11.02.98,11.03.98,20.02.98,23.1
10883,48,12.02.98,12.03.98,20.02.98,0.53
10884,45,12.02.98,12.03.98,13.02.98,90.97
10885,76,12.02.98,12.03.98,18.02.98,5.64
10886,34,13.02.98,13.03.98,02.03.98,4.99
10887,29,13.02.98,13.03.98,16.02.98,1.25
10888,30,16.02.98,16.03.98,23.02.98,51.87
10889,65,16.02.98,16.03.98,23.02.98,280.61
10890,18,16.02.98,16.03.98,18.02.98,32.76
10891,44,17.02.98,17.03.98,19.02.98,20.37
10892,50,17.02.98,17.03.98,19.02.98,120.27
10893,39,18.02.98,18.03.98,20.02.98,77.78
10894,71,18.02.98,18.03.98,20.02.98,116.13
10895,20,18.02.98,18.03.98,23.02.98,162.75
10896,50,19.02.98,19.03.98,27.02.98,32.45
10897,37,19.02.98,19.03.98,25.02.98,603.54
10898,54,20.02.98,20.03.98,06.03.98,1.27
10899,46,20.02.98,20.03.98,26.02.98,1.21
10900,88,20.02.98,20.03.98,04.03.98,1.66
10901,35,23.02.98,23.03.98,26.02.98,62.09
10902,24,23.02.98,23.03.98,03.03.98,44.15
10903,34,24.02.98,24.03.98,04.03.98,36.71
10904,89,24.02.98,24.03.98,27.02.98,162.95
10905,88,24.02.98,24.03.98,06.03.98,13.72
10906,91,25.02.98,11.03.98,03.03.98,26.29
10907,74,25.02.98,25.03.98,27.02.98,9.19
10908,66,26.02.98,26.03.98,06.03.98,32.96
10909,70,26.02.98,26.03.98,10.03.98,53.05
10910,90,26.02.98,26.03.98,04.03.98,38.11
10911,30,26.02.98,26.03.98,05.03.98,38.19
10912,37,26.02.98,26.03.98,18.03.98,580.91
10913,62,26.02.98,26.03.98,04.03.98,33.05
10914,62,27.02.98,27.03.98,02.03.98,21.19
10915,80,27.02.98,27.03.98,02.03.98,3.51
10916,64,27.02.98,27.03.98,09.03.98,63.77
10917,69,02.03.98,30.03.98,11.03.98,8.29
10918,10,02.03.98,30.03.98,11.03.98,48.83
10919,47,02.03.98,30.03.98,04.03.98,19.8
10920,4,03.03.98,31.03.98,09.03.98,29.61
10921,83,03.03.98,14.04.98,09.03.98,176.48
10922,34,03.03.98,31.03.98,05.03.98,62.74
10923,41,03.03.98,14.04.98,13.03.98,68.26
10924,5,04.03.98,01.04.98,08.04.98,151.52
10925,34,04.03.98,01.04.98,13.03.98,2.27
10926,2,04.03.98,01.04.98,11.03.98,39.92
10927,40,05.03.98,02.04.98,08.04.98,19.79
10928,29,05.03.98,02.04.98,18.03.98,1.36
10929,25,05.03.98,02.04.98,12.03.98,33.93
10930,76,06.03.98,17.04.98,18.03.98,15.55
10931,68,06.03.98,20.03.98,19.03.98,13.6
10932,9,06.03.98,03.04.98,24.03.98,134.64
10933,38,06.03.98,03.04.98,16.03.98,54.15
10934,44,09.03.98,06.04.98,12.03.98,32.01
10935,88,09.03.98,06.04.98,18.03.98,47.59
10936,32,09.03.98,06.04.98,18.03.98,33.68
10937,12,10.03.98,24.03.98,13.03.98,31.51
10938,63,10.03.98,07.04.98,16.03.98,31.89
10939,49,10.03.98,07.04.98,13.03.98,76.33
10940,9,11.03.98,08.04.98,23.03.98,19.77
10941,71,11.03.98,08.04.98,20.03.98,400.81
10942,66,11.03.98,08.04.98,18.03.98,17.95
10943,11,11.03.98,08.04.98,19.03.98,2.17
10944,10,12.03.98,26.03.98,13.03.98,52.92
10945,52,12.03.98,09.04.98,18.03.98,10.22
10946,83,12.03.98,09.04.98,19.03.98,27.2
10947,11,13.03.98,10.04.98,16.03.98,3.26
10948,30,13.03.98,10.04.98,19.03.98,23.39
10949,10,13.03.98,10.04.98,17.03.98,74.44
10950,49,16.03.98,13.04.98,23.03.98,2.5
10951,68,16.03.98,27.04.98,07.04.98,30.85
10952,1,16.03.98,27.04.98,24.03.98,40.42
10953,4,16.03.98,30.03.98,25.03.98,23.72
10954,47,17.03.98,28.04.98,20.03.98,27.91
10955,24,17.03.98,14.04.98,20.03.98,3.26
10956,6,17.03.98,28.04.98,20.03.98,44.65
10957,35,18.03.98,15.04.98,27.03.98,105.36
10958,54,18.03.98,15.04.98,27.03.98,49.56
10959,31,18.03.98,29.04.98,23.03.98,4.98
10960,35,19.03.98,02.04.98,08.04.98,2.08
10961,62,19.03.98,16.04.98,30.03.98,104.47
10962,63,19.03.98,16.04.98,23.03.98,275.79
10963,28,19.03.98,16.04.98,26.03.98,2.7
10964,74,20.03.98,17.04.98,24.03.98,87.38
10965,55,20.03.98,17.04.98,30.03.98,144.38
10966,14,20.03.98,17.04.98,08.04.98,27.19
10967,79,23.03.98,20.04.98,02.04.98,62.22
10968,20,23.03.98,20.04.98,01.04.98,74.6
10969,15,23.03.98,20.04.98,30.03.98,0.21
10970,8,24.03.98,07.04.98,24.04.98,16.16
10971,26,24.03.98,21.04.98,02.04.98,121.82
10972,40,24.03.98,21.04.98,26.03.98,0.02
10973,40,24.03.98,21.04.98,27.03.98,15.17
10974,75,25.03.98,08.04.98,03.04.98,12.96
10975,10,25.03.98,22.04.98,27.03.98,32.27
10976,35,25.03.98,06.05.98,03.04.98,37.97
10977,24,26.03.98,23.04.98,10.04.98,208.5
10978,50,26.03.98,23.04.98,23.04.98,32.82
10979,20,26.03.98,23.04.98,31.03.98,353.07
10980,24,27.03.98,08.05.98,17.04.98,1.26
10981,34,27.03.98,24.04.98,02.04.98,193.37
10982,10,27.03.98,24.04.98,08.04.98,14.01
10983,71,27.03.98,24.04.98,06.04.98,657.54
10984,71,30.03.98,27.04.98,03.04.98,211.22
10985,37,30.03.98,27.04.98,02.04.98,91.51
10986,54,30.03.98,27.04.98,21.04.98,217.86
10987,19,31.03.98,28.04.98,06.04.98,185.48
10988,65,31.03.98,28.04.98,10.04.98,61.14
10989,61,31.03.98,28.04.98,02.04.98,34.76
10990,20,01.04.98,13.05.98,07.04.98,117.61
10991,63,01.04.98,29.04.98,07.04.98,38.51
10992,77,01.04.98,29.04.98,03.04.98,4.27
10993,24,01.04.98,29.04.98,10.04.98,8.81
10994,83,02.04.98,16.04.98,09.04.98,65.53
10995,58,02.04.98,30.04.98,06.04.98,46
10996,63,02.04.98,30.04.98,10.04.98,1.12
10997,46,03.04.98,15.05.98,13.04.98,73.91
10998,91,03.04.98,17.04.98,17.04.98,20.31
10999,56,03.04.98,01.05.98,10.04.98,96.35
11000,65,06.04.98,04.05.98,14.04.98,55.12
11001,24,06.04.98,04.05.98,14.04.98,197.3
11002,71,06.04.98,04.05.98,16.04.98,141.16
11003,78,06.04.98,04.05.98,08.04.98,14.91
11004,50,07.04.98,05.05.98,20.04.98,44.84
11005,90,07.04.98,05.05.98,10.04.98,0.75
11006,32,07.04.98,05.05.98,15.04.98,25.19
11007,60,08.04.98,06.05.98,13.04.98,202.24
11008,20,08.04.98,06.05.98,,79.46
11009,30,08.04.98,06.05.98,10.04.98,59.11
11010,66,09.04.98,07.05.98,21.04.98,28.71
11011,1,09.04.98,07.05.98,13.04.98,1.21
11012,25,09.04.98,23.04.98,17.04.98,242.95
11013,69,09.04.98,07.05.98,10.04.98,32.99
10501,6,09.04.97,07.05.97,16.04.97,8.85
10502,58,10.04.97,08.05.97,29.04.97,69.32
10503,37,11.04.97,09.05.97,16.04.97,16.74
10504,89,11.04.97,09.05.97,18.04.97,59.13
10505,51,14.04.97,12.05.97,21.04.97,7.13
10506,39,15.04.97,13.05.97,02.05.97,21.19
10507,3,15.04.97,13.05.97,22.04.97,47.45
10508,56,16.04.97,14.05.97,13.05.97,4.99
10509,6,17.04.97,15.05.97,29.04.97,0.15
10510,71,18.04.97,16.05.97,28.04.97,367.63
10511,9,18.04.97,16.05.97,21.04.97,350.64
10512,21,21.04.97,19.05.97,24.04.97,3.53
10513,86,22.04.97,03.06.97,28.04.97,105.65
10514,20,22.04.97,20.05.97,16.05.97,789.95
10515,63,23.04.97,07.05.97,23.05.97,204.47
10516,37,24.04.97,22.05.97,01.05.97,62.78
10517,53,24.04.97,22.05.97,29.04.97,32.07
10518,80,25.04.97,09.05.97,05.05.97,218.15
10519,14,28.04.97,26.05.97,01.05.97,91.76
10520,70,29.04.97,27.05.97,01.05.97,13.37
10521,12,29.04.97,27.05.97,02.05.97,17.22
10522,44,30.04.97,28.05.97,06.05.97,45.33
10523,72,01.05.97,29.05.97,30.05.97,77.63
10524,5,01.05.97,29.05.97,07.05.97,244.79
10525,9,02.05.97,30.05.97,23.05.97,11.06
10526,87,05.05.97,02.06.97,15.05.97,58.59
10527,63,05.05.97,02.06.97,07.05.97,41.9
10528,32,06.05.97,20.05.97,09.05.97,3.35
10529,50,07.05.97,04.06.97,09.05.97,66.69
10530,59,08.05.97,05.06.97,12.05.97,339.22
10531,54,08.05.97,05.06.97,19.05.97,8.12
10532,19,09.05.97,06.06.97,12.05.97,74.46
10533,24,12.05.97,09.06.97,22.05.97,188.04
10534,44,12.05.97,09.06.97,14.05.97,27.94
10535,3,13.05.97,10.06.97,21.05.97,15.64
10536,44,14.05.97,11.06.97,06.06.97,58.88
10537,68,14.05.97,28.05.97,19.05.97,78.85
10538,11,15.05.97,12.06.97,16.05.97,4.87
10539,11,16.05.97,13.06.97,23.05.97,12.36
10540,63,19.05.97,16.06.97,13.06.97,1007.64
10541,34,19.05.97,16.06.97,29.05.97,68.65
10542,39,20.05.97,17.06.97,26.05.97,10.95
10543,46,21.05.97,18.06.97,23.05.97,48.17
10544,48,21.05.97,18.06.97,30.05.97,24.91
10545,43,22.05.97,19.06.97,26.06.97,11.92
10546,84,23.05.97,20.06.97,27.05.97,194.72
10547,72,23.05.97,20.06.97,02.06.97,178.43
10548,79,26.05.97,23.06.97,02.06.97,1.43
10549,63,27.05.97,10.06.97,30.05.97,171.24
10550,30,28.05.97,25.06.97,06.06.97,4.32
10551,28,28.05.97,09.07.97,06.06.97,72.95
10552,35,29.05.97,26.06.97,05.06.97,83.22
10553,87,30.05.97,27.06.97,03.06.97,149.49
10554,56,30.05.97,27.06.97,05.06.97,120.97
10555,71,02.06.97,30.06.97,04.06.97,252.49
10556,73,03.06.97,15.07.97,13.06.97,9.8
10557,44,03.06.97,17.06.97,06.06.97,96.72
10558,4,04.06.97,02.07.97,10.06.97,72.97
10559,7,05.06.97,03.07.97,13.06.97,8.05
10560,25,06.06.97,04.07.97,09.06.97,36.65
10561,24,06.06.97,04.07.97,09.06.97,242.21
10562,66,09.06.97,07.07.97,12.06.97,22.95
10563,67,10.06.97,22.07.97,24.06.97,60.43
10564,65,10.06.97,08.07.97,16.06.97,13.75
10565,51,11.06.97,09.07.97,18.06.97,7.15
10248,85,04.07.96,01.08.96,16.07.96,32.38
10249,79,05.07.96,16.08.96,10.07.96,11.61
10250,34,08.07.96,05.08.96,12.07.96,65.83
10251,84,08.07.96,05.08.96,15.07.96,41.34
10252,76,09.07.96,06.08.96,11.07.96,51.3
10253,34,10.07.96,24.07.96,16.07.96,58.17
10254,14,11.07.96,08.08.96,23.07.96,22.98
10255,68,12.07.96,09.08.96,15.07.96,148.33
10256,88,15.07.96,12.08.96,17.07.96,13.97
10257,35,16.07.96,13.08.96,22.07.96,81.91
10258,20,17.07.96,14.08.96,23.07.96,140.51
10259,13,18.07.96,15.08.96,25.07.96,3.25
10260,56,19.07.96,16.08.96,29.07.96,55.09
10261,61,19.07.96,16.08.96,30.07.96,3.05
10262,65,22.07.96,19.08.96,25.07.96,48.29
10263,20,23.07.96,20.08.96,31.07.96,146.06
10264,24,24.07.96,21.08.96,23.08.96,3.67
10265,7,25.07.96,22.08.96,12.08.96,55.28
10266,87,26.07.96,06.09.96,31.07.96,25.73
10267,25,29.07.96,26.08.96,06.08.96,208.58
10268,33,30.07.96,27.08.96,02.08.96,66.29
10269,89,31.07.96,14.08.96,09.08.96,4.56
10270,87,01.08.96,29.08.96,02.08.96,136.54
10271,75,01.08.96,29.08.96,30.08.96,4.54
10272,65,02.08.96,30.08.96,06.08.96,98.03
10273,63,05.08.96,02.09.96,12.08.96,76.07
10274,85,06.08.96,03.09.96,16.08.96,6.01
10275,49,07.08.96,04.09.96,09.08.96,26.93
10276,80,08.08.96,22.08.96,14.08.96,13.84
10277,52,09.08.96,06.09.96,13.08.96,125.77
10278,5,12.08.96,09.09.96,16.08.96,92.69
10279,44,13.08.96,10.09.96,16.08.96,25.83
10280,5,14.08.96,11.09.96,12.09.96,8.98
10281,69,14.08.96,28.08.96,21.08.96,2.94
10282,69,15.08.96,12.09.96,21.08.96,12.69
10283,46,16.08.96,13.09.96,23.08.96,84.81
10284,44,19.08.96,16.09.96,27.08.96,76.56
10285,63,20.08.96,17.09.96,26.08.96,76.83
10286,63,21.08.96,18.09.96,30.08.96,229.24
10287,67,22.08.96,19.09.96,28.08.96,12.76
10288,66,23.08.96,20.09.96,03.09.96,7.45
10289,11,26.08.96,23.09.96,28.08.96,22.77
10290,15,27.08.96,24.09.96,03.09.96,79.7
10291,61,27.08.96,24.09.96,04.09.96,6.4
10292,81,28.08.96,25.09.96,02.09.96,1.35
10293,80,29.08.96,26.09.96,11.09.96,21.18
10294,65,30.08.96,27.09.96,05.09.96,147.26
10295,85,02.09.96,30.09.96,10.09.96,1.15
10296,46,03.09.96,01.10.96,11.09.96,0.12
10297,7,04.09.96,16.10.96,10.09.96,5.74
10298,37,05.09.96,03.10.96,11.09.96,168.22
10299,67,06.09.96,04.10.96,13.09.96,29.76
10300,49,09.09.96,07.10.96,18.09.96,17.68
10301,86,09.09.96,07.10.96,17.09.96,45.08
10302,76,10.09.96,08.10.96,09.10.96,6.27
10303,30,11.09.96,09.10.96,18.09.96,107.83
10304,80,12.09.96,10.10.96,17.09.96,63.79
10305,55,13.09.96,11.10.96,09.10.96,257.62
10306,69,16.09.96,14.10.96,23.09.96,7.56
10307,48,17.09.96,15.10.96,25.09.96,0.56
10308,2,18.09.96,16.10.96,24.09.96,1.61
10309,37,19.09.96,17.10.96,23.10.96,47.3
10310,77,20.09.96,18.10.96,27.09.96,17.52
10311,18,20.09.96,04.10.96,26.09.96,24.69
10312,86,23.09.96,21.10.96,03.10.96,40.26
10313,63,24.09.96,22.10.96,04.10.96,1.96
10314,65,25.09.96,23.10.96,04.10.96,74.16
10315,38,26.09.96,24.10.96,03.10.96,41.76
10316,65,27.09.96,25.10.96,08.10.96,150.15
10317,48,30.09.96,28.10.96,10.10.96,12.69
10318,38,01.10.96,29.10.96,04.10.96,4.73
10319,80,02.10.96,30.10.96,11.10.96,64.5
10320,87,03.10.96,17.10.96,18.10.96,34.57
10321,38,03.10.96,31.10.96,11.10.96,3.43
10322,58,04.10.96,01.11.96,23.10.96,0.4
10323,39,07.10.96,04.11.96,14.10.96,4.88
10324,71,08.10.96,05.11.96,10.10.96,214.27
10325,39,09.10.96,23.10.96,14.10.96,64.86
10326,8,10.10.96,07.11.96,14.10.96,77.92
10327,24,11.10.96,08.11.96,14.10.96,63.36
10328,28,14.10.96,11.11.96,17.10.96,87.03
10329,75,15.10.96,26.11.96,23.10.96,191.67
10330,46,16.10.96,13.11.96,28.10.96,12.75
10331,9,16.10.96,27.11.96,21.10.96,10.19
10332,51,17.10.96,28.11.96,21.10.96,52.84
10333,87,18.10.96,15.11.96,25.10.96,0.59
10334,84,21.10.96,18.11.96,28.10.96,8.56
10335,37,22.10.96,19.11.96,24.10.96,42.11
10336,60,23.10.96,20.11.96,25.10.96,15.51
10337,25,24.10.96,21.11.96,29.10.96,108.26
10338,55,25.10.96,22.11.96,29.10.96,84.21
10339,51,28.10.96,25.11.96,04.11.96,15.66
10340,9,29.10.96,26.11.96,08.11.96,166.31
10341,73,29.10.96,26.11.96,05.11.96,26.78
10342,25,30.10.96,13.11.96,04.11.96,54.83
10343,44,31.10.96,28.11.96,06.11.96,110.37
10344,89,01.11.96,29.11.96,05.11.96,23.29
10345,63,04.11.96,02.12.96,11.11.96,249.06
10346,65,05.11.96,17.12.96,08.11.96,142.08
10347,21,06.11.96,04.12.96,08.11.96,3.1
10348,86,07.11.96,05.12.96,15.11.96,0.78
10349,75,08.11.96,06.12.96,15.11.96,8.63
10350,41,11.11.96,09.12.96,03.12.96,64.19
10351,20,11.11.96,09.12.96,20.11.96,162.33
10352,28,12.11.96,26.11.96,18.11.96,1.3
10353,59,13.11.96,11.12.96,25.11.96,360.63
10354,58,14.11.96,12.12.96,20.11.96,53.8
10355,4,15.11.96,13.12.96,20.11.96,41.95
10356,86,18.11.96,16.12.96,27.11.96,36.71
10357,46,19.11.96,17.12.96,02.12.96,34.88
10358,41,20.11.96,18.12.96,27.11.96,19.64
10359,72,21.11.96,19.12.96,26.11.96,288.43
10360,7,22.11.96,20.12.96,02.12.96,131.7
10361,63,22.11.96,20.12.96,03.12.96,183.17
10362,9,25.11.96,23.12.96,28.11.96,96.04
10363,17,26.11.96,24.12.96,04.12.96,30.54
10364,19,26.11.96,07.01.97,04.12.96,71.97
10365,3,27.11.96,25.12.96,02.12.96,22
10366,29,28.11.96,09.01.97,30.12.96,10.14
10367,83,28.11.96,26.12.96,02.12.96,13.55
10368,20,29.11.96,27.12.96,02.12.96,101.95
10369,75,02.12.96,30.12.96,09.12.96,195.68
10370,14,03.12.96,31.12.96,27.12.96,1.17
10371,41,03.12.96,31.12.96,24.12.96,0.45
10372,62,04.12.96,01.01.97,09.12.96,890.78
10373,37,05.12.96,02.01.97,11.12.96,124.12
10374,91,05.12.96,02.01.97,09.12.96,3.94
10375,36,06.12.96,03.01.97,09.12.96,20.12
10376,51,09.12.96,06.01.97,13.12.96,20.39
10377,72,09.12.96,06.01.97,13.12.96,22.21
10378,24,10.12.96,07.01.97,19.12.96,5.44
10379,61,11.12.96,08.01.97,13.12.96,45.03
10380,37,12.12.96,09.01.97,16.01.97,35.03
10381,46,12.12.96,09.01.97,13.12.96,7.99
10382,20,13.12.96,10.01.97,16.12.96,94.77
10383,4,16.12.96,13.01.97,18.12.96,34.24
10384,5,16.12.96,13.01.97,20.12.96,168.64
10385,75,17.12.96,14.01.97,23.12.96,30.96
10386,21,18.12.96,01.01.97,25.12.96,13.99
10387,70,18.12.96,15.01.97,20.12.96,93.63
10388,72,19.12.96,16.01.97,20.12.96,34.86
10389,10,20.12.96,17.01.97,24.12.96,47.42
10390,20,23.12.96,20.01.97,26.12.96,126.38
10391,17,23.12.96,20.01.97,31.12.96,5.45
10392,59,24.12.96,21.01.97,01.01.97,122.46
10393,71,25.12.96,22.01.97,03.01.97,126.56
10394,36,25.12.96,22.01.97,03.01.97,30.34
10395,35,26.12.96,23.01.97,03.01.97,184.41
10396,25,27.12.96,10.01.97,06.01.97,135.35
10397,60,27.12.96,24.01.97,02.01.97,60.26
10398,71,30.12.96,27.01.97,09.01.97,89.16
10399,83,31.12.96,14.01.97,08.01.97,27.36
10400,19,01.01.97,29.01.97,16.01.97,83.93
10401,65,01.01.97,29.01.97,10.01.97,12.51
10402,20,02.01.97,13.02.97,10.01.97,67.88
10403,20,03.01.97,31.01.97,09.01.97,73.79
10404,49,03.01.97,31.01.97,08.01.97,155.97
10405,47,06.01.97,03.02.97,22.01.97,34.82
10406,62,07.01.97,18.02.97,13.01.97,108.04
10407,56,07.01.97,04.02.97,30.01.97,91.48
10408,23,08.01.97,05.02.97,14.01.97,11.26
10409,54,09.01.97,06.02.97,14.01.97,29.83
10410,10,10.01.97,07.02.97,15.01.97,2.4
10411,10,10.01.97,07.02.97,21.01.97,23.65
10412,87,13.01.97,10.02.97,15.01.97,3.77
10413,41,14.01.97,11.02.97,16.01.97,95.66
10414,21,14.01.97,11.02.97,17.01.97,21.48
10415,36,15.01.97,12.02.97,24.01.97,0.2
10416,87,16.01.97,13.02.97,27.01.97,22.72
10417,73,16.01.97,13.02.97,28.01.97,70.29
10418,63,17.01.97,14.02.97,24.01.97,17.55
10419,68,20.01.97,17.02.97,30.01.97,137.35
10420,88,21.01.97,18.02.97,27.01.97,44.12
10421,61,21.01.97,04.03.97,27.01.97,99.23
10422,27,22.01.97,19.02.97,31.01.97,3.02
10423,31,23.01.97,06.02.97,24.02.97,24.5
10424,51,23.01.97,20.02.97,27.01.97,370.61
10425,41,24.01.97,21.02.97,14.02.97,7.93
10426,29,27.01.97,24.02.97,06.02.97,18.69
10427,59,27.01.97,24.02.97,03.03.97,31.29
10428,66,28.01.97,25.02.97,04.02.97,11.09
10429,37,29.01.97,12.03.97,07.02.97,56.63
10430,20,30.01.97,13.02.97,03.02.97,458.78
10431,10,30.01.97,13.02.97,07.02.97,44.17
10432,75,31.01.97,14.02.97,07.02.97,4.34
10433,60,03.02.97,03.03.97,04.03.97,73.83
10434,24,03.02.97,03.03.97,13.02.97,17.92
10435,16,04.02.97,18.03.97,07.02.97,9.21
10436,7,05.02.97,05.03.97,11.02.97,156.66
10437,87,05.02.97,05.03.97,12.02.97,19.97
10438,79,06.02.97,06.03.97,14.02.97,8.24
10439,51,07.02.97,07.03.97,10.02.97,4.07
10440,71,10.02.97,10.03.97,28.02.97,86.53
10441,55,10.02.97,24.03.97,14.03.97,73.02
10442,20,11.02.97,11.03.97,18.02.97,47.94
10443,66,12.02.97,12.03.97,14.02.97,13.95
10444,5,12.02.97,12.03.97,21.02.97,3.5
10445,5,13.02.97,13.03.97,20.02.97,9.3
10446,79,14.02.97,14.03.97,19.02.97,14.68
10447,67,14.02.97,14.03.97,07.03.97,68.66
10448,64,17.02.97,17.03.97,24.02.97,38.82
10449,7,18.02.97,18.03.97,27.02.97,53.3
10450,84,19.02.97,19.03.97,11.03.97,7.23
10451,63,19.02.97,05.03.97,12.03.97,189.09
10452,71,20.02.97,20.03.97,26.02.97,140.26
10453,4,21.02.97,21.03.97,26.02.97,25.36
10454,41,21.02.97,21.03.97,25.02.97,2.74
10455,87,24.02.97,07.04.97,03.03.97,180.45
10456,39,25.02.97,08.04.97,28.02.97,8.12
10457,39,25.02.97,25.03.97,03.03.97,11.57
10458,76,26.02.97,26.03.97,04.03.97,147.06
10459,84,27.02.97,27.03.97,28.02.97,25.09
10460,24,28.02.97,28.03.97,03.03.97,16.27
10461,46,28.02.97,28.03.97,05.03.97,148.61
10462,16,03.03.97,31.03.97,18.03.97,6.17
10463,76,04.03.97,01.04.97,06.03.97,14.78
10464,28,04.03.97,01.04.97,14.03.97,89
10465,83,05.03.97,02.04.97,14.03.97,145.04
10466,15,06.03.97,03.04.97,13.03.97,11.93
10467,49,06.03.97,03.04.97,11.03.97,4.93
10468,39,07.03.97,04.04.97,12.03.97,44.12
10469,89,10.03.97,07.04.97,14.03.97,60.18
10470,9,11.03.97,08.04.97,14.03.97,64.56
10471,11,11.03.97,08.04.97,18.03.97,45.59
10472,72,12.03.97,09.04.97,19.03.97,4.2
10473,38,13.03.97,27.03.97,21.03.97,16.37
10474,58,13.03.97,10.04.97,21.03.97,83.49
10475,76,14.03.97,11.04.97,04.04.97,68.52
10476,35,17.03.97,14.04.97,24.03.97,4.41
10477,60,17.03.97,14.04.97,25.03.97,13.02
10478,84,18.03.97,01.04.97,26.03.97,4.81
10479,65,19.03.97,16.04.97,21.03.97,708.95
10480,23,20.03.97,17.04.97,24.03.97,1.35
10481,67,20.03.97,17.04.97,25.03.97,64.33
10482,43,21.03.97,18.04.97,10.04.97,7.48
10483,89,24.03.97,21.04.97,25.04.97,15.28
10484,11,24.03.97,21.04.97,01.04.97,6.88
10485,47,25.03.97,08.04.97,31.03.97,64.45
10486,35,26.03.97,23.04.97,02.04.97,30.53
10487,62,26.03.97,23.04.97,28.03.97,71.07
10488,25,27.03.97,24.04.97,02.04.97,4.93
10489,59,28.03.97,25.04.97,09.04.97,5.29
10490,35,31.03.97,28.04.97,03.04.97,210.19
10491,28,31.03.97,28.04.97,08.04.97,16.96
10492,10,01.04.97,29.04.97,11.04.97,62.89
10493,41,02.04.97,30.04.97,10.04.97,10.64
10494,15,02.04.97,30.04.97,09.04.97,65.99
10495,42,03.04.97,01.05.97,11.04.97,4.65
10496,81,04.04.97,02.05.97,07.04.97,46.77
10497,44,04.04.97,02.05.97,07.04.97,36.21
10498,35,07.04.97,05.05.97,11.04.97,29.75
10499,46,08.04.97,06.05.97,16.04.97,102.02
10500,41,09.04.97,07.05.97,17.04.97,42.68
11014,47,10.04.98,08.05.98,15.04.98,23.6
11015,70,10.04.98,24.04.98,20.04.98,4.62
11016,4,10.04.98,08.05.98,13.04.98,33.8
11017,20,13.04.98,11.05.98,20.04.98,754.26
11018,48,13.04.98,11.05.98,16.04.98,11.65
11019,64,13.04.98,11.05.98,,3.17
11020,56,14.04.98,12.05.98,16.04.98,43.3
11021,63,14.04.98,12.05.98,21.04.98,297.18
11022,34,14.04.98,12.05.98,04.05.98,6.27
11023,11,14.04.98,28.04.98,24.04.98,123.83
11024,19,15.04.98,13.05.98,20.04.98,74.36
11025,87,15.04.98,13.05.98,24.04.98,29.17
11026,27,15.04.98,13.05.98,28.04.98,47.09
11027,10,16.04.98,14.05.98,20.04.98,52.52
11028,39,16.04.98,14.05.98,22.04.98,29.59
11029,14,16.04.98,14.05.98,27.04.98,47.84
11030,71,17.04.98,15.05.98,27.04.98,830.75
11031,71,17.04.98,15.05.98,24.04.98,227.22
11032,89,17.04.98,15.05.98,23.04.98,606.19
11033,68,17.04.98,15.05.98,23.04.98,84.74
11034,55,20.04.98,01.06.98,27.04.98,40.32
11035,76,20.04.98,18.05.98,24.04.98,0.17
11036,17,20.04.98,18.05.98,22.04.98,149.47
11037,30,21.04.98,19.05.98,27.04.98,3.2
11038,76,21.04.98,19.05.98,30.04.98,29.59
11039,47,21.04.98,19.05.98,,65
11040,32,22.04.98,20.05.98,,18.84
11041,14,22.04.98,20.05.98,28.04.98,48.22
11042,15,22.04.98,06.05.98,01.05.98,29.99
11043,74,22.04.98,20.05.98,29.04.98,8.8
11044,91,23.04.98,21.05.98,01.05.98,8.72
11045,10,23.04.98,21.05.98,,70.58
11046,86,23.04.98,21.05.98,24.04.98,71.64
11047,19,24.04.98,22.05.98,01.05.98,46.62
11048,10,24.04.98,22.05.98,30.04.98,24.12
11049,31,24.04.98,22.05.98,04.05.98,8.34
11050,24,27.04.98,25.05.98,05.05.98,59.41
11051,41,27.04.98,25.05.98,,2.79
11052,34,27.04.98,25.05.98,01.05.98,67.26
11053,59,27.04.98,25.05.98,29.04.98,53.05
11054,12,28.04.98,26.05.98,,0.33
11055,35,28.04.98,26.05.98,05.05.98,120.92
11056,19,28.04.98,12.05.98,01.05.98,278.96
11057,53,29.04.98,27.05.98,01.05.98,4.13
11058,6,29.04.98,27.05.98,,31.14
11059,67,29.04.98,10.06.98,,85.8
11060,27,30.04.98,28.05.98,04.05.98,10.98
11061,32,30.04.98,11.06.98,,14.01
11062,66,30.04.98,28.05.98,,29.93
11063,37,30.04.98,28.05.98,06.05.98,81.73
11064,71,01.05.98,29.05.98,04.05.98,30.09
11065,46,01.05.98,29.05.98,,12.91
11066,89,01.05.98,29.05.98,04.05.98,44.72
11067,17,04.05.98,18.05.98,06.05.98,7.98
11068,62,04.05.98,01.06.98,,81.75
11069,80,04.05.98,01.06.98,06.05.98,15.67
11070,44,05.05.98,02.06.98,,136
11071,46,05.05.98,02.06.98,,0.93
11072,20,05.05.98,02.06.98,,258.64
11073,58,05.05.98,02.06.98,,24.95
11074,73,06.05.98,03.06.98,,18.44
11075,68,06.05.98,03.06.98,,6.19
11076,9,06.05.98,03.06.98,,38.28
11077,65,06.05.98,03.06.98,,8.53
10566,7,12.06.97,10.07.97,18.06.97,88.4
10567,37,12.06.97,10.07.97,17.06.97,33.97
10568,29,13.06.97,11.07.97,09.07.97,6.54
10569,65,16.06.97,14.07.97,11.07.97,58.98
10570,51,17.06.97,15.07.97,19.06.97,188.99
10571,20,17.06.97,29.07.97,04.07.97,26.06
10572,5,18.06.97,16.07.97,25.06.97,116.43
10573,3,19.06.97,17.07.97,20.06.97,84.84
10574,82,19.06.97,17.07.97,30.06.97,37.6
10575,52,20.06.97,04.07.97,30.06.97,127.34
10576,80,23.06.97,07.07.97,30.06.97,18.56
10577,82,23.06.97,04.08.97,30.06.97,25.41
10578,11,24.06.97,22.07.97,25.07.97,29.6
10579,45,25.06.97,23.07.97,04.07.97,13.73
10580,56,26.06.97,24.07.97,01.07.97,75.89
10581,21,26.06.97,24.07.97,02.07.97,3.01
10582,6,27.06.97,25.07.97,14.07.97,27.71
10583,87,30.06.97,28.07.97,04.07.97,7.28
10584,7,30.06.97,28.07.97,04.07.97,59.14
10585,88,01.07.97,29.07.97,10.07.97,13.41
10586,66,02.07.97,30.07.97,09.07.97,0.48
10587,61,02.07.97,30.07.97,09.07.97,62.52
10588,63,03.07.97,31.07.97,10.07.97,194.67
10589,32,04.07.97,01.08.97,14.07.97,4.42
10590,51,07.07.97,04.08.97,14.07.97,44.77
10591,83,07.07.97,21.07.97,16.07.97,55.92
10592,44,08.07.97,05.08.97,16.07.97,32.1
10593,44,09.07.97,06.08.97,13.08.97,174.2
